,Efficiency_Score (theta),lambda_BD20 algae,lambda_BD20 Camelina,lambda_BD20 canola,lambda_BD20 corn,lambda_BD20 Jatropha,lambda_BD20 palm,lambda_BD20 tallow,lambda_BD20 soy,lambda_E10 corn A,lambda_E10 corn B,lambda_E10 corn C,lambda_E10 corn D,lambda_E10 corn E,lambda_E10 corn stover,lambda_E10 corn stover*G,lambda_E10 corn/stover A,lambda_E10 corn/stover B,lambda_E10 forage sorghum,lambda_E10 forest residue,lambda_E10 forest residue*G,lambda_E10 grain sorghum,lambda_E10 Miscanthus,lambda_E10 Miscanthus*G,lambda_E10 MSW,lambda_E10 poplar,lambda_E10 poplar*G,lambda_E10 sugarcane,lambda_E10 sweet sorghum A,lambda_E10 sweet sorghum B,lambda_E10 switchgrass,lambda_E10 switchgrass*G,lambda_E10 willow,lambda_E10 willow*G,lambda_E85 corn A,lambda_E85 corn B,lambda_E85 corn C,lambda_E85 corn D,lambda_E85 corn E,lambda_E85 corn stover,lambda_E85 corn stover*G,lambda_E85 corn/stover A,lambda_E85 corn/stover B,lambda_E85 forage sorghum,lambda_E85 forest residue,lambda_E85 forest residue*G,lambda_E85 grain sorghum,lambda_E85 Miscanthus,lambda_E85 Miscanthus*G,lambda_E85 MSW,lambda_E85 poplar,lambda_E85 poplar*G,lambda_E85 sugarcane,lambda_E85 sweet sorghum A,lambda_E85 sweet sorghum B,lambda_E85 switchgrass,lambda_E85 switchgrass*G,lambda_E85 willow,lambda_E85 willow*G,lambda_RDI algae,lambda_RDI Camelina,lambda_RDI canola,lambda_RDI corn,lambda_RDI Jatropha,lambda_RDI palm,lambda_RDI soy,lambda_RDII algae,lambda_RDII Camelina,lambda_RDII canola,lambda_RDII corn,lambda_RDII Jatropha,lambda_RDII palm,lambda_RDII soy,s_minus_Distance,s_minus_Cost,s_minus_LO,s_minus_Water,s_minus_GWP,s_minus_FWET,s_minus_FWEU,s_minus_HT,s_minus_PMPF,s_minus_POFP,s_minus_TA,s_minus_TE,s_plus_Output,Is_Efficient
BD20 algae,0.54817847,0.0,0.0,0.0,0.0,0.0,0.0,0.0,0.0,0.0,0.0,0.0,0.0,0.0,0.0,0.0,0.0,0.0,0.0,0.0,0.0,0.0,0.0,0.0,0.0,0.0,0.0,0.0,0.0,0.0,0.0,0.0,0.0,0.0,0.0,0.0,0.0,0.0,0.0,0.0,0.0,0.0,0.0,0.0,0.0,0.0,0.0,0.0,0.0,0.0,0.0,0.0,0.0,0.0,0.0,0.0,0.0,0.0,0.0,0.0,0.0,0.0,0.0,0.0,0.0,0.0,0.0,0.0,0.0,0.0,0.0,0.0,0.0,0.54817847,0.3623552598305084,0.001878932202227935,0.013370206585365854,0.5326430477732792,0.1777876118918919,0.12260197631147537,0.13877935949367085,0.2125862847073171,0.29319242410606056,0.3447819336199095,0.35583514719298237,-1.0,False
BD20 Camelina,0.77505589,0.0,0.0,0.0,0.0,0.0,0.0,0.0,0.0,0.0,0.0,0.0,0.0,0.0,0.0,0.0,0.0,0.0,0.0,0.0,0.0,0.0,0.0,0.0,0.0,0.0,0.0,0.0,0.0,0.0,0.0,0.0,0.0,0.0,0.0,0.0,0.0,0.0,0.0,0.0,0.0,0.0,0.0,0.0,0.0,0.0,0.0,0.0,0.0,0.0,0.0,0.0,0.0,0.0,0.0,0.0,0.0,0.0,0.0,0.0,0.0,0.0,0.0,0.0,0.0,0.0,0.0,0.0,0.0,0.0,0.0,0.0,0.0,0.77505589,0.433505836779661,0.15142480113110537,0.09108195603104213,0.7185740842510121,0.15594217606606603,0.025411668524590165,0.04905417025316457,0.16257269887804882,0.2994534120454545,0.36707021034690795,0.42152162438596485,-1.0,False
BD20 canola,0.75040615,0.0,0.0,0.0,0.0,0.0,0.0,0.0,0.0,0.0,0.0,0.0,0.0,0.0,0.0,0.0,0.0,0.0,0.0,0.0,0.0,0.0,0.0,0.0,0.0,0.0,0.0,0.0,0.0,0.0,0.0,0.0,0.0,0.0,0.0,0.0,0.0,0.0,0.0,0.0,0.0,0.0,0.0,0.0,0.0,0.0,0.0,0.0,0.0,0.0,0.0,0.0,0.0,0.0,0.0,0.0,0.0,0.0,0.0,0.0,0.0,0.0,0.0,0.0,0.0,0.0,0.0,0.0,0.0,0.0,0.0,0.0,0.0,0.75040615,0.4578749389830508,0.0765195645672665,0.048252280155210645,0.6957206815789474,0.15098261876876873,0.028996958957845428,0.04749406012658229,0.148250971097561,0.267190068560606,0.341813962745098,0.44761068596491216,-1.0,False
BD20 corn,0.69121749,0.0,0.0,0.0,0.0,0.0,0.0,0.0,0.0,0.0,0.0,0.0,0.0,0.0,0.0,0.0,0.0,0.0,0.0,0.0,0.0,0.0,0.0,0.0,0.0,0.0,0.0,0.0,0.0,0.0,0.0,0.0,0.0,0.0,0.0,0.0,0.0,0.0,0.0,0.0,0.0,0.0,0.0,0.0,0.0,0.0,0.0,0.0,0.0,0.0,0.0,0.0,0.0,0.0,0.0,0.0,0.0,0.0,0.0,0.0,0.0,0.0,0.0,0.0,0.0,0.0,0.0,0.0,0.0,0.0,0.0,0.0,0.0,0.69121749,0.3631820710169491,0.21619056028277633,0.09502324696230599,0.6632329762348178,0.15983107126126125,0.03156613830210772,0.05249753088607594,0.19724986909756098,0.3613182334090909,0.384704756877828,0.3516720563157894,-1.0,False
BD20 Jatropha,0.74714381,0.0,0.0,0.0,0.0,0.0,0.0,0.0,0.0,0.0,0.0,0.0,0.0,0.0,0.0,0.0,0.0,0.0,0.0,0.0,0.0,0.0,0.0,0.0,0.0,0.0,0.0,0.0,0.0,0.0,0.0,0.0,0.0,0.0,0.0,0.0,0.0,0.0,0.0,0.0,0.0,0.0,0.0,0.0,0.0,0.0,0.0,0.0,0.0,0.0,0.0,0.0,0.0,0.0,0.0,0.0,0.0,0.0,0.0,0.0,0.0,0.0,0.0,0.0,0.0,0.0,0.0,0.0,0.0,0.0,0.0,0.0,0.0,0.74714381,0.3925670866101694,0.06978464035132818,0.04141595399113082,0.704795577854251,0.1727629830930931,0.028870896639344258,0.056745099493670875,0.17676329163414634,0.322630281590909,0.377516103092006,0.3801257980701754,-1.0,False
BD20 palm,0.80571575,0.0,0.0,0.0,0.0,0.0,0.0,0.0,0.0,0.0,0.0,0.0,0.0,0.0,0.0,0.0,0.0,0.0,0.0,0.0,0.0,0.0,0.0,0.0,0.0,0.0,0.0,0.0,0.0,0.0,0.0,0.0,0.0,0.0,0.0,0.0,0.0,0.0,0.0,0.0,0.0,0.0,0.0,0.0,0.0,0.0,0.0,0.0,0.0,0.0,0.0,0.0,0.0,0.0,0.0,0.0,0.0,0.0,0.0,0.0,0.0,0.0,0.0,0.0,0.0,0.0,0.0,0.0,0.0,0.0,0.0,0.0,0.0,0.80571575,0.45065457203389825,0.03797289310197086,0.15989259340354767,0.7437376153846152,0.15969140990990988,0.026416909836065573,0.050994667721519,0.16507347073170733,0.30397457840909087,0.3767298378582202,0.4381962850877192,-1.0,False
BD20 tallow,1.0,0.0,0.0,0.0,0.0,0.0,0.0,0.0,0.0,0.0,0.0,0.0,0.0,0.0,0.0,0.0,0.0,0.0,0.0,0.0,0.0,0.0,0.0,0.0,0.0,0.0,0.0,0.0,0.0,0.0,0.0,0.0,0.0,0.0,0.0,0.0,0.0,0.0,0.0,0.0,0.0,0.0,0.0,0.0,0.0,0.0,0.0,0.0,0.0,0.0,0.0,0.0,0.0,0.0,0.0,0.0,0.0,0.0,0.0,0.0,0.0,0.0,0.0,0.0,0.0,0.0,0.0,0.0,0.0,0.0,0.0,0.0,0.0,1.0,0.8474576271186439,0.027420736932305057,0.0011086474501108647,0.9230769230769229,0.1861861861861862,0.038641686182669784,0.06329113924050635,0.20243902439024394,0.35909090909090907,0.4660633484162896,0.8421052631578947,-1.0,False
BD20 soy,0.97135494,0.0,0.0,0.0,0.0,0.0,0.0,0.0,0.0,0.0,0.0,0.0,0.0,0.0,0.0,0.0,0.0,0.0,0.0,0.0,0.0,0.0,0.0,0.0,0.0,0.0,0.0,0.0,0.0,0.0,0.0,0.0,0.0,0.0,0.0,0.0,0.0,0.0,0.0,0.0,0.0,0.0,0.0,0.0,0.0,0.0,0.0,0.0,0.0,0.0,0.0,0.0,0.0,0.0,0.0,0.0,0.0,0.0,0.0,0.0,0.0,0.0,0.0,0.0,0.0,0.0,0.0,0.0,0.0,0.0,0.0,0.0,0.0,0.97135494,0.5762275067796608,0.18478217367609256,0.01507646248337029,0.8927027181376517,0.18376985351351355,0.03184770295081967,0.06147816075949369,0.18716351282926832,0.3385024790909091,0.4395271221719457,0.5623633863157894,-1.0,False
E10 corn A,0.9397803,0.0,0.0,0.0,0.0,0.0,0.0,0.0,0.0,0.0,0.0,0.0,0.0,0.0,0.0,0.0,0.0,0.0,0.0,0.0,0.0,0.0,0.0,0.0,0.0,0.0,0.0,0.0,0.0,0.0,0.0,0.0,0.0,0.0,0.0,0.0,0.0,0.0,0.0,0.0,0.0,0.0,0.0,0.0,0.0,0.0,0.0,0.0,0.0,0.0,0.0,0.0,0.0,0.0,0.0,0.0,0.0,0.0,0.0,0.0,0.0,0.0,0.0,0.0,0.0,0.0,0.0,0.0,0.0,0.0,0.0,0.0,0.0,0.30362132769230765,0.45396167033898294,0.009663550642673522,0.009376965299334811,0.8979277360323886,0.12135301171171171,0.051720929859484774,0.04758381265822786,0.1787874717073171,0.23494507500000006,0.4266574212669683,0.43691540263157885,-1.0,False
E10 corn B,0.94848838,0.0,0.0,0.0,0.0,0.0,0.0,0.0,0.0,0.0,0.0,0.0,0.0,0.0,0.0,0.0,0.0,0.0,0.0,0.0,0.0,0.0,0.0,0.0,0.0,0.0,0.0,0.0,0.0,0.0,0.0,0.0,0.0,0.0,0.0,0.0,0.0,0.0,0.0,0.0,0.0,0.0,0.0,0.0,0.0,0.0,0.0,0.0,0.0,0.0,0.0,0.0,0.0,0.0,0.0,0.0,0.0,0.0,0.0,0.0,0.0,0.0,0.0,0.0,0.0,0.0,0.0,0.0,0.0,0.0,0.0,0.0,0.0,0.30643470738461537,0.45816811576271177,0.009753093881748071,0.009463853015521065,0.9024079728744939,0.11962916504504503,0.051089538032786874,0.03601854607594936,0.17581735824390246,0.23424788778787875,0.42774966156862737,0.4409638959649122,-1.0,False
E10 corn C,0.96181776,0.0,0.0,0.0,0.0,0.0,0.0,0.0,0.0,0.0,0.0,0.0,0.0,0.0,0.0,0.0,0.0,0.0,0.0,0.0,0.0,0.0,0.0,0.0,0.0,0.0,0.0,0.0,0.0,0.0,0.0,0.0,0.0,0.0,0.0,0.0,0.0,0.0,0.0,0.0,0.0,0.0,0.0,0.0,0.0,0.0,0.0,0.0,0.0,0.0,0.0,0.0,0.0,0.0,0.0,0.0,0.0,0.0,0.0,0.0,0.0,0.0,0.0,0.0,0.0,0.0,0.0,0.0,0.0,0.0,0.0,0.0,0.0,0.3107411224615384,0.4727578820338982,0.009890156915167094,0.009596851263858092,0.918983770688259,0.11553366486486484,0.05180751400468383,0.03652472506329113,0.17359637619512197,0.22879604290909095,0.43085953954751127,0.45559788631578935,-1.0,False
E10 corn D,0.73771815,0.0,0.0,0.0,0.0,0.0,0.0,0.0,0.0,0.0,0.0,0.0,0.0,0.0,0.0,0.0,0.0,0.0,0.0,0.0,0.0,0.0,0.0,0.0,0.0,0.0,0.0,0.0,0.0,0.0,0.0,0.0,0.0,0.0,0.0,0.0,0.0,0.0,0.0,0.0,0.0,0.0,0.0,0.0,0.0,0.0,0.0,0.0,0.0,0.0,0.0,0.0,0.0,0.0,0.0,0.0,0.0,0.0,0.0,0.0,0.0,0.0,0.0,0.0,0.0,0.0,0.0,0.0,0.0,0.0,0.0,0.0,0.0,0.23833970999999995,0.3688590749999999,0.009482238431876606,0.012268040188470065,0.73771815,0.13513755900900903,0.04751112207259953,0.05602922658227847,0.1871285063414634,0.2570835977272727,0.4395153382352941,0.35591665131578937,-1.0,False
E10 corn E,0.88819304,0.0,0.0,0.0,0.0,0.0,0.0,0.0,0.0,0.0,0.0,0.0,0.0,0.0,0.0,0.0,0.0,0.0,0.0,0.0,0.0,0.0,0.0,0.0,0.0,0.0,0.0,0.0,0.0,0.0,0.0,0.0,0.0,0.0,0.0,0.0,0.0,0.0,0.0,0.0,0.0,0.0,0.0,0.0,0.0,0.0,0.0,0.0,0.0,0.0,0.0,0.0,0.0,0.0,0.0,0.0,0.0,0.0,0.0,0.0,0.0,0.0,0.0,0.0,0.0,0.0,0.0,0.0,0.0,0.0,0.0,0.0,0.0,0.28695467446153844,0.436569460338983,0.008371999520137103,0.009846929490022173,0.8558297308502023,0.1200260864864865,0.05096189573770491,0.04497179949367089,0.1798049324878049,0.23819722436363627,0.4246714836802413,0.4207230189473683,-1.0,False
E10 corn stover,0.99062452,0.0,0.0,0.0,0.0,0.0,0.0,0.0,0.0,0.0,0.0,0.0,0.0,0.0,0.0,0.0,0.0,0.0,0.0,0.0,0.0,0.0,0.0,0.0,0.0,0.0,0.0,0.0,0.0,0.0,0.0,0.0,0.0,0.0,0.0,0.0,0.0,0.0,0.0,0.0,0.0,0.0,0.0,0.0,0.0,0.0,0.0,0.0,0.0,0.0,0.0,0.0,0.0,0.0,0.0,0.0,0.0,0.0,0.0,0.0,0.0,0.0,0.0,0.0,0.0,0.0,0.0,0.0,0.0,0.0,0.0,0.0,0.0,0.3200479218461538,0.47012689084745757,0.018675012373607542,0.01757205356984479,0.8943695059109311,0.08032090702702704,0.03711941995316159,0.01253955088607596,0.1691310156097561,0.24315329127272728,0.4587054715535444,0.45186381614035087,-1.0,False
E10 corn stover*G,0.85802498,0.0,0.0,0.0,0.0,0.0,0.0,0.0,0.0,0.0,0.0,0.0,0.0,0.0,0.0,0.0,0.0,0.0,0.0,0.0,0.0,0.0,0.0,0.0,0.0,0.0,0.0,0.0,0.0,0.0,0.0,0.0,0.0,0.0,0.0,0.0,0.0,0.0,0.0,0.0,0.0,0.0,0.0,0.0,0.0,0.0,0.0,0.0,0.0,0.0,0.0,0.0,0.0,0.0,0.0,0.0,0.0,0.0,0.0,0.0,0.0,0.0,0.0,0.0,0.0,0.0,0.0,0.0,0.0,0.0,0.0,0.0,0.0,0.27720807046153845,0.3999268974576271,0.020586717600685523,0.019024944124168518,0.7850754877732794,0.12625592798798801,0.038179097470725995,0.02172215139240507,0.16114127673170736,0.2236065099393939,0.4270712570135747,0.4290124899999999,-1.0,False
E10 corn/stover A,0.93604033,0.0,0.0,0.0,0.0,0.0,0.0,0.0,0.0,0.0,0.0,0.0,0.0,0.0,0.0,0.0,0.0,0.0,0.0,0.0,0.0,0.0,0.0,0.0,0.0,0.0,0.0,0.0,0.0,0.0,0.0,0.0,0.0,0.0,0.0,0.0,0.0,0.0,0.0,0.0,0.0,0.0,0.0,0.0,0.0,0.0,0.0,0.0,0.0,0.0,0.0,0.0,0.0,0.0,0.0,0.0,0.0,0.0,0.0,0.0,0.0,0.0,0.0,0.0,0.0,0.0,0.0,0.0,0.0,0.0,0.0,0.0,0.0,0.30241302969230766,0.45215507466101684,0.007218820025706941,0.007264171075388027,0.8981439603643724,0.11805914072072071,0.05370723204918032,0.0473944470886076,0.18720806600000003,0.24393778296969693,0.4447250436651583,0.4351766446491227,-1.0,False
E10 corn/stover B,0.86524551,0.0,0.0,0.0,0.0,0.0,0.0,0.0,0.0,0.0,0.0,0.0,0.0,0.0,0.0,0.0,0.0,0.0,0.0,0.0,0.0,0.0,0.0,0.0,0.0,0.0,0.0,0.0,0.0,0.0,0.0,0.0,0.0,0.0,0.0,0.0,0.0,0.0,0.0,0.0,0.0,0.0,0.0,0.0,0.0,0.0,0.0,0.0,0.0,0.0,0.0,0.0,0.0,0.0,0.0,0.0,0.0,0.0,0.0,0.0,0.0,0.0,0.0,0.0,0.0,0.0,0.0,0.0,0.0,0.0,0.0,0.0,0.0,0.27954085707692305,0.4399553440677965,0.009638553239074551,0.010551774512195123,0.8197062726315788,0.11952340378378379,0.041539889824355976,0.03285742443037974,0.17093874709756102,0.23204311404545447,0.4202248178280543,0.42503288210526313,-1.0,False
E10 forage sorghum,0.90872454,0.0,0.0,0.0,0.0,0.0,0.0,0.0,0.0,0.0,0.0,0.0,0.0,0.0,0.0,0.0,0.0,0.0,0.0,0.0,0.0,0.0,0.0,0.0,0.0,0.0,0.0,0.0,0.0,0.0,0.0,0.0,0.0,0.0,0.0,0.0,0.0,0.0,0.0,0.0,0.0,0.0,0.0,0.0,0.0,0.0,0.0,0.0,0.0,0.0,0.0,0.0,0.0,0.0,0.0,0.0,0.0,0.0,0.0,0.0,0.0,0.0,0.0,0.0,0.0,0.0,0.0,0.0,0.0,0.0,0.0,0.0,0.0,0.29358792830769226,0.47746543627118637,0.0031147370694087407,0.0191416477383592,0.8314645588663968,0.08732488072072073,0.03724280901639344,0.023005684556962027,0.16623009878048783,0.23544226718181813,0.43448820389140275,0.4623335378947368,-1.0,False
E10 forest residue,1.0,0.0,0.0,0.0,0.0,0.0,0.0,0.0,0.0,0.0,0.0,0.0,0.0,0.0,0.0,0.0,0.0,0.0,0.0,0.0,0.0,0.0,0.0,0.0,0.0,0.0,0.0,0.0,0.0,0.0,0.0,0.0,0.0,0.0,0.0,0.0,0.0,0.0,0.0,0.0,0.0,0.0,0.0,0.0,0.0,0.0,0.0,0.0,0.0,0.0,0.0,0.0,0.0,0.0,0.0,0.0,0.0,0.0,0.0,0.0,0.0,0.0,0.0,0.0,0.0,0.0,0.0,0.0,0.0,0.0,0.0,0.0,0.0,0.32307692307692304,0.483050847457627,0.01713796058269066,0.026607538802660754,0.902834008097166,0.06306306306306307,0.0351288056206089,0.012658227848101276,0.1780487804878049,0.24696969696969692,0.4660633484162896,0.4649122807017543,-1.0,False
E10 forest residue*G,0.86832119,0.0,0.0,0.0,0.0,0.0,0.0,0.0,0.0,0.0,0.0,0.0,0.0,0.0,0.0,0.0,0.0,0.0,0.0,0.0,0.0,0.0,0.0,0.0,0.0,0.0,0.0,0.0,0.0,0.0,0.0,0.0,0.0,0.0,0.0,0.0,0.0,0.0,0.0,0.0,0.0,0.0,0.0,0.0,0.0,0.0,0.0,0.0,0.0,0.0,0.0,0.0,0.0,0.0,0.0,0.0,0.0,0.0,0.0,0.0,0.0,0.0,0.0,0.0,0.0,0.0,0.0,0.0,0.0,0.0,0.0,0.0,0.0,0.28053453830769226,0.4047259783898305,0.017113442476435304,0.002887986219512195,0.8015272523076922,0.13559369933933935,0.0416875512763466,0.032974222405063286,0.18213566424390248,0.2631276333333333,0.47279630405731515,0.4189268899122806,-1.0,False
E10 grain sorghum,0.87586165,0.0,0.0,0.0,0.0,0.0,0.0,0.0,0.0,0.0,0.0,0.0,0.0,0.0,0.0,0.0,0.0,0.0,0.0,0.0,0.0,0.0,0.0,0.0,0.0,0.0,0.0,0.0,0.0,0.0,0.0,0.0,0.0,0.0,0.0,0.0,0.0,0.0,0.0,0.0,0.0,0.0,0.0,0.0,0.0,0.0,0.0,0.0,0.0,0.0,0.0,0.0,0.0,0.0,0.0,0.0,0.0,0.0,0.0,0.0,0.0,0.0,0.0,0.0,0.0,0.0,0.0,0.0,0.0,0.0,0.0,0.0,0.0,0.2829706869230769,0.4230857122881355,0.013509434190231363,0.021362479268292683,0.8155796740890688,0.1052086066066066,0.04512636135831382,0.03326056898734177,0.14526485902439026,0.1977324028030303,0.36196997300150824,0.40719883728070166,-1.0,False
E10 Miscanthus,0.97947717,0.0,0.0,0.0,0.0,0.0,0.0,0.0,0.0,0.0,0.0,0.0,0.0,0.0,0.0,0.0,0.0,0.0,0.0,0.0,0.0,0.0,0.0,0.0,0.0,0.0,0.0,0.0,0.0,0.0,0.0,0.0,0.0,0.0,0.0,0.0,0.0,0.0,0.0,0.0,0.0,0.0,0.0,0.0,0.0,0.0,0.0,0.0,0.0,0.0,0.0,0.0,0.0,0.0,0.0,0.0,0.0,0.0,0.0,0.0,0.0,0.0,0.0,0.0,0.0,0.0,0.0,0.0,0.0,0.0,0.0,0.0,0.0,0.3164464703076923,0.46483662305084744,0.01426830496143959,0.022803792206208425,0.8843052992307692,0.07941706783783786,0.0355547918852459,0.012398445189873427,0.16244987209756098,0.22260844772727273,0.44467968049773754,0.44677906,-1.0,False
E10 Miscanthus*G,0.92304308,0.0,0.0,0.0,0.0,0.0,0.0,0.0,0.0,0.0,0.0,0.0,0.0,0.0,0.0,0.0,0.0,0.0,0.0,0.0,0.0,0.0,0.0,0.0,0.0,0.0,0.0,0.0,0.0,0.0,0.0,0.0,0.0,0.0,0.0,0.0,0.0,0.0,0.0,0.0,0.0,0.0,0.0,0.0,0.0,0.0,0.0,0.0,0.0,0.0,0.0,0.0,0.0,0.0,0.0,0.0,0.0,0.0,0.0,0.0,0.0,0.0,0.0,0.0,0.0,0.0,0.0,0.0,0.0,0.0,0.0,0.0,0.0,0.2982139181538461,0.4302319440677966,0.022146706289631536,0.02046658713968958,0.8445657331174089,0.12750745249249248,0.0378296344262295,0.023368179240506333,0.1823572914146342,0.2489419215757576,0.46778653828054295,0.17003425157894733,-1.0,False
E10 MSW,1.0,0.0,0.0,0.0,0.0,0.0,0.0,0.0,0.0,0.0,0.0,0.0,0.0,0.0,0.0,0.0,0.0,0.0,0.0,0.0,0.0,0.0,0.0,0.0,0.0,0.0,0.0,0.0,0.0,0.0,0.0,0.0,0.0,0.0,0.0,0.0,0.0,0.0,0.0,0.0,0.0,0.0,0.0,0.0,0.0,0.0,0.0,0.0,0.0,0.0,0.0,0.0,0.0,0.0,0.0,0.0,0.0,0.0,0.0,0.0,0.0,0.0,0.0,0.0,0.0,0.0,0.0,0.0,0.0,0.0,0.0,0.0,0.0,0.32307692307692304,0.483050847457627,0.000856898029134533,0.0,0.9230769230769229,0.0960960960960961,0.038641686182669784,0.012658227848101276,0.19512195121951223,0.24393939393939396,0.5173453996983408,0.4649122807017543,-1.0,False
E10 poplar,0.99797452,0.0,0.0,0.0,0.0,0.0,0.0,0.0,0.0,0.0,0.0,0.0,0.0,0.0,0.0,0.0,0.0,0.0,0.0,0.0,0.0,0.0,0.0,0.0,0.0,0.0,0.0,0.0,0.0,0.0,0.0,0.0,0.0,0.0,0.0,0.0,0.0,0.0,0.0,0.0,0.0,0.0,0.0,0.0,0.0,0.0,0.0,0.0,0.0,0.0,0.0,0.0,0.0,0.0,0.0,0.0,0.0,0.0,0.0,0.0,0.0,0.0,0.0,0.0,0.0,0.0,0.0,0.0,0.0,0.0,0.0,0.0,0.0,0.3224225372307692,0.47361502644067793,0.017103247986289632,0.02544724385809313,0.8969649531983805,0.06892917105105106,0.035057652927400464,0.012632588860759504,0.17281997785365855,0.23739696915151517,0.4590983840120663,0.4552164477192982,-1.0,False
E10 poplar*G,0.94410982,0.0,0.0,0.0,0.0,0.0,0.0,0.0,0.0,0.0,0.0,0.0,0.0,0.0,0.0,0.0,0.0,0.0,0.0,0.0,0.0,0.0,0.0,0.0,0.0,0.0,0.0,0.0,0.0,0.0,0.0,0.0,0.0,0.0,0.0,0.0,0.0,0.0,0.0,0.0,0.0,0.0,0.0,0.0,0.0,0.0,0.0,0.0,0.0,0.0,0.0,0.0,0.0,0.0,0.0,0.0,0.0,0.0,0.0,0.0,0.0,0.0,0.0,0.0,0.0,0.0,0.0,0.0,0.0,0.0,0.0,0.0,0.0,0.30502009569230765,0.4400511872881356,0.019416140257069406,0.014653589223946788,0.8676636807287449,0.12758240810810811,0.04090405543325526,0.023901514430379748,0.18651925712195125,0.2589149657878787,0.4827348853393665,0.15735163666666663,-1.0,False
E10 sugarcane,0.99161426,0.0,0.0,0.0,0.0,0.0,0.0,0.0,0.0,0.0,0.0,0.0,0.0,0.0,0.0,0.0,0.0,0.0,0.0,0.0,0.0,0.0,0.0,0.0,0.0,0.0,0.0,0.0,0.0,0.0,0.0,0.0,0.0,0.0,0.0,0.0,0.0,0.0,0.0,0.0,0.0,0.0,0.0,0.0,0.0,0.0,0.0,0.0,0.0,0.0,0.0,0.0,0.0,0.0,0.0,0.0,0.0,0.0,0.0,0.0,0.0,0.0,0.0,0.0,0.0,0.0,0.0,0.0,0.0,0.0,0.0,0.0,0.0,0.32036768399999993,0.47059659796610165,0.0033988492202227934,0.047272076696230604,0.8912484442105263,0.06848987381381383,0.040639928688524576,0.02510415848101266,0.17171856697560978,0.2539133483939394,0.4516855301960784,0.45231527649122805,-1.0,False
E10 sweet sorghum A,1.0,0.0,0.0,0.0,0.0,0.0,0.0,0.0,0.0,0.0,0.0,0.0,0.0,0.0,0.0,0.0,0.0,0.0,0.0,0.0,0.0,0.0,0.0,0.0,0.0,0.0,0.0,0.0,0.0,0.0,0.0,0.0,0.0,0.0,0.0,0.0,0.0,0.0,0.0,0.0,0.0,0.0,0.0,0.0,0.0,0.0,0.0,0.0,0.0,0.0,0.0,0.0,0.0,0.0,0.0,0.0,0.0,0.0,0.0,0.0,0.0,0.0,0.0,0.0,0.0,0.0,0.0,0.0,0.0,0.0,0.0,0.0,0.0,0.32307692307692304,0.5084745762711863,0.003427592116538132,0.038802660753880266,0.8582995951417004,0.04504504504504505,0.03044496487119438,0.0,0.09756097560975609,0.14696969696969692,0.2956259426847663,0.4912280701754385,-1.0,False
E10 sweet sorghum B,0.80826898,0.0,0.0,0.0,0.0,0.0,0.0,0.0,0.0,0.0,0.0,0.0,0.0,0.0,0.0,0.0,0.0,0.0,0.0,0.0,0.0,0.0,0.0,0.0,0.0,0.0,0.0,0.0,0.0,0.0,0.0,0.0,0.0,0.0,0.0,0.0,0.0,0.0,0.0,0.0,0.0,0.0,0.0,0.0,0.0,0.0,0.0,0.0,0.0,0.0,0.0,0.0,0.0,0.0,0.0,0.0,0.0,0.0,0.0,0.0,0.0,0.0,0.0,0.0,0.0,0.0,0.0,0.0,0.0,0.0,0.0,0.0,0.0,0.2611330550769231,0.42468370135593214,0.0027704163838903175,0.023298218935698452,0.762456163319838,0.1043710694894895,0.04353673662763465,0.04092501164556963,0.18333906131707317,0.2632997434848485,0.44497462699849166,0.41122456877192975,-1.0,False
E10 switchgrass,0.95964406,0.0,0.0,0.0,0.0,0.0,0.0,0.0,0.0,0.0,0.0,0.0,0.0,0.0,0.0,0.0,0.0,0.0,0.0,0.0,0.0,0.0,0.0,0.0,0.0,0.0,0.0,0.0,0.0,0.0,0.0,0.0,0.0,0.0,0.0,0.0,0.0,0.0,0.0,0.0,0.0,0.0,0.0,0.0,0.0,0.0,0.0,0.0,0.0,0.0,0.0,0.0,0.0,0.0,0.0,0.0,0.0,0.0,0.0,0.0,0.0,0.0,0.0,0.0,0.0,0.0,0.0,0.0,0.0,0.0,0.0,0.0,0.0,0.31003885015384613,0.45542429966101694,0.023024878903170527,0.02446985962305987,0.8663992930364373,0.08069079183183182,0.03595855962529274,0.012147393164556972,0.15916047824390245,0.2166469165757576,0.43712293532428353,0.437732378245614,-1.0,False
E10 switchgrass*G,0.84260521,0.0,0.0,0.0,0.0,0.0,0.0,0.0,0.0,0.0,0.0,0.0,0.0,0.0,0.0,0.0,0.0,0.0,0.0,0.0,0.0,0.0,0.0,0.0,0.0,0.0,0.0,0.0,0.0,0.0,0.0,0.0,0.0,0.0,0.0,0.0,0.0,0.0,0.0,0.0,0.0,0.0,0.0,0.0,0.0,0.0,0.0,0.0,0.0,0.0,0.0,0.0,0.0,0.0,0.0,0.0,0.0,0.0,0.0,0.0,0.0,0.0,0.0,0.0,0.0,0.0,0.0,0.0,0.0,0.0,0.0,0.0,0.0,0.27222629861538455,0.3927397165254237,0.017328641850899742,0.013078129645232818,0.7743780674898785,0.13157799075075075,0.04045294333723653,0.03199766620253164,0.17468644597560978,0.24384484107575755,0.4537104976923076,0.35478114105263153,-1.0,False
E10 willow,1.0,0.0,0.0,0.0,0.0,0.0,0.0,0.0,0.0,0.0,0.0,0.0,0.0,0.0,0.0,0.0,0.0,0.0,0.0,0.0,0.0,0.0,0.0,0.0,0.0,0.0,0.0,0.0,0.0,0.0,0.0,0.0,0.0,0.0,0.0,0.0,0.0,0.0,0.0,0.0,0.0,0.0,0.0,0.0,0.0,0.0,0.0,0.0,0.0,0.0,0.0,0.0,0.0,0.0,0.0,0.0,0.0,0.0,0.0,0.0,0.0,0.0,0.0,0.0,0.0,0.0,0.0,0.0,0.0,0.0,0.0,0.0,0.0,0.32307692307692304,0.47457627118644063,0.01713796058269066,0.024390243902439025,0.8987854251012146,0.06906906906906908,0.0351288056206089,0.012658227848101276,0.17073170731707318,0.23030303030303023,0.45550527903469074,0.45614035087719296,-1.0,False
E10 willow*G,1.0,0.0,0.0,0.0,0.0,0.0,0.0,0.0,0.0,0.0,0.0,0.0,0.0,0.0,0.0,0.0,0.0,0.0,0.0,0.0,0.0,0.0,0.0,0.0,0.0,0.0,0.0,0.0,0.0,0.0,0.0,0.0,0.0,0.0,0.0,0.0,0.0,0.0,0.0,0.0,0.0,0.0,0.0,0.0,0.0,0.0,0.0,0.0,0.0,0.0,0.0,0.0,0.0,0.0,0.0,0.0,0.0,0.0,0.0,0.0,0.0,0.0,0.0,0.0,0.0,0.0,0.0,0.0,0.0,0.0,0.0,0.0,0.0,0.32307692307692304,0.4661016949152542,0.00856898029134533,0.02549889135254989,0.9230769230769229,0.0960960960960961,0.038641686182669784,0.012658227848101276,0.19512195121951223,0.24393939393939396,0.5158371040723981,0.0,-1.0,False
E85 corn A,0.60790696,0.0,0.0,0.0,0.0,0.0,0.0,0.0,0.0,0.0,0.0,0.0,0.0,0.0,0.0,0.0,0.0,0.0,0.0,0.0,0.0,0.0,0.0,0.0,0.0,0.0,0.0,0.0,0.0,0.0,0.0,0.0,0.0,0.0,0.0,0.0,0.0,0.0,0.0,0.0,0.0,0.0,0.0,0.0,0.0,0.0,0.0,0.0,0.0,0.0,0.0,0.0,0.0,0.0,0.0,0.0,0.0,0.0,0.0,0.0,0.0,0.0,0.0,0.0,0.0,0.0,0.0,0.0,0.0,0.0,0.0,0.0,0.0,0.0,0.11333858576271187,0.04844502766066839,0.05189449658536586,0.46515957668016195,0.4746420708708709,0.16372201498829037,0.27702089316455697,0.31433237931707325,0.420008445090909,0.45203338051282055,0.09598530947368421,-1.0,False
E85 corn B,0.60790696,0.0,0.0,0.0,0.0,0.0,0.0,0.0,0.0,0.0,0.0,0.0,0.0,0.0,0.0,0.0,0.0,0.0,0.0,0.0,0.0,0.0,0.0,0.0,0.0,0.0,0.0,0.0,0.0,0.0,0.0,0.0,0.0,0.0,0.0,0.0,0.0,0.0,0.0,0.0,0.0,0.0,0.0,0.0,0.0,0.0,0.0,0.0,0.0,0.0,0.0,0.0,0.0,0.0,0.0,0.0,0.0,0.0,0.0,0.0,0.0,0.0,0.0,0.0,0.0,0.0,0.0,0.0,0.0,0.0,0.0,0.0,0.0,0.0,0.11333858576271187,0.04844502766066839,0.05189449658536586,0.44054795886639675,0.458212153033033,0.15802733620608897,0.2539358187341772,0.2950572805853659,0.3988238086060606,0.4327784089291101,0.09598530947368421,-1.0,False
E85 corn C,0.48878507,0.0,0.0,0.0,0.0,0.0,0.0,0.0,0.0,0.0,0.0,0.0,0.0,0.0,0.0,0.0,0.0,0.0,0.0,0.0,0.0,0.0,0.0,0.0,0.0,0.0,0.0,0.0,0.0,0.0,0.0,0.0,0.0,0.0,0.0,0.0,0.0,0.0,0.0,0.0,0.0,0.0,0.0,0.0,0.0,0.0,0.0,0.0,0.0,0.0,0.0,0.0,0.0,0.0,0.0,0.0,0.0,0.0,0.0,0.0,0.0,0.0,0.0,0.0,0.0,0.0,0.0,0.0,0.0,0.0,0.0,0.0,0.0,0.0,0.11598289796610169,0.039370862536418166,0.04009988379157428,0.41160847999999994,0.3742948734234234,0.13564644214285712,0.22892465303797468,0.27181218526829276,0.3665888025,0.4607702394419306,0.10290211999999999,-1.0,False
E85 corn D,0.37060296,0.0,0.0,0.0,0.0,0.0,0.0,0.0,0.0,0.0,0.0,0.0,0.0,0.0,0.0,0.0,0.0,0.0,0.0,0.0,0.0,0.0,0.0,0.0,0.0,0.0,0.0,0.0,0.0,0.0,0.0,0.0,0.0,0.0,0.0,0.0,0.0,0.0,0.0,0.0,0.0,0.0,0.0,0.0,0.0,0.0,0.0,0.0,0.0,0.0,0.0,0.0,0.0,0.0,0.0,0.0,0.0,0.0,0.0,0.0,0.0,0.0,0.0,0.0,0.0,0.0,0.0,0.0,0.0,0.0,0.0,0.0,0.0,0.0,0.11306530983050846,0.03937854930591259,0.05094763529933481,0.3150875368421052,0.37060296,0.10024506295081966,0.18764706835443037,0.22326568565853658,0.33017354618181816,0.37060296,0.10402890105263154,-1.0,False
E85 corn E,0.55987981,0.0,0.0,0.0,0.0,0.0,0.0,0.0,0.0,0.0,0.0,0.0,0.0,0.0,0.0,0.0,0.0,0.0,0.0,0.0,0.0,0.0,0.0,0.0,0.0,0.0,0.0,0.0,0.0,0.0,0.0,0.0,0.0,0.0,0.0,0.0,0.0,0.0,0.0,0.0,0.0,0.0,0.0,0.0,0.0,0.0,0.0,0.0,0.0,0.0,0.0,0.0,0.0,0.0,0.0,0.0,0.0,0.0,0.0,0.0,0.0,0.0,0.0,0.0,0.0,0.0,0.0,0.0,0.0,0.0,0.0,0.0,0.0,0.0,0.11387385966101692,0.04461767123393317,0.04965674589800444,0.4216098974089068,0.4371433951951952,0.15013170549180324,0.24096093088607592,0.2813054655121951,0.37579811489393933,0.3935203491101056,0.09822452807017541,-1.0,False
E85 corn stover,1.0,0.0,0.0,0.0,0.0,0.0,0.0,0.0,0.0,0.0,0.0,0.0,0.0,0.0,0.0,0.0,0.0,0.0,0.0,0.0,0.0,0.0,0.0,0.0,0.0,0.0,0.0,0.0,0.0,0.0,0.0,0.0,0.0,0.0,0.0,0.0,0.0,0.0,0.0,0.0,0.0,0.0,0.0,0.0,0.0,0.0,0.0,0.0,0.0,0.0,0.0,0.0,0.0,0.0,0.0,0.0,0.0,0.0,0.0,0.0,0.0,0.0,0.0,0.0,0.0,0.0,0.0,0.0,0.0,0.0,0.0,0.0,0.0,0.0,0.0847457627118644,0.155955441302485,0.14634146341463417,0.21052631578947367,0.2732732732732732,0.08548009367681497,0.08860759493670886,0.19268292682926833,0.4136363636363635,0.4705882352941177,0.05263157894736841,-1.0,False
E85 corn stover*G,1.0,0.0,0.0,0.0,0.0,0.0,0.0,0.0,0.0,0.0,0.0,0.0,0.0,0.0,0.0,0.0,0.0,0.0,0.0,0.0,0.0,0.0,0.0,0.0,0.0,0.0,0.0,0.0,0.0,0.0,0.0,0.0,0.0,0.0,0.0,0.0,0.0,0.0,0.0,0.0,0.0,0.0,0.0,0.0,0.0,0.0,0.0,0.0,0.0,0.0,0.0,0.0,0.0,0.0,0.0,0.0,0.0,0.0,0.0,0.0,0.0,0.0,0.0,0.0,0.0,0.0,0.0,0.0,0.0,0.0,0.0,0.0,0.0,0.0,0.016949152542372895,0.16452442159383032,0.026607538802660754,0.21052631578947367,0.7927927927927928,0.0,0.16455696202531644,0.23658536585365855,0.4878787878787878,0.5550527903469079,0.28070175438596484,-1.0,False
E85 corn/stover A,0.62727019,0.0,0.0,0.0,0.0,0.0,0.0,0.0,0.0,0.0,0.0,0.0,0.0,0.0,0.0,0.0,0.0,0.0,0.0,0.0,0.0,0.0,0.0,0.0,0.0,0.0,0.0,0.0,0.0,0.0,0.0,0.0,0.0,0.0,0.0,0.0,0.0,0.0,0.0,0.0,0.0,0.0,0.0,0.0,0.0,0.0,0.0,0.0,0.0,0.0,0.0,0.0,0.0,0.0,0.0,0.0,0.0,0.0,0.0,0.0,0.0,0.0,0.0,0.0,0.0,0.0,0.0,0.0,0.0,0.0,0.0,0.0,0.0,0.0,0.11694867949152542,0.03816296785775492,0.043116132793791576,0.45965953194331977,0.43136598651651653,0.16820242799765805,0.2699643855696202,0.30904531312195116,0.3849157984090908,0.42480288885369527,0.09904266157894735,-1.0,False
E85 corn/stover B,0.42687747,0.0,0.0,0.0,0.0,0.0,0.0,0.0,0.0,0.0,0.0,0.0,0.0,0.0,0.0,0.0,0.0,0.0,0.0,0.0,0.0,0.0,0.0,0.0,0.0,0.0,0.0,0.0,0.0,0.0,0.0,0.0,0.0,0.0,0.0,0.0,0.0,0.0,0.0,0.0,0.0,0.0,0.0,0.0,0.0,0.0,0.0,0.0,0.0,0.0,0.0,0.0,0.0,0.0,0.0,0.0,0.0,0.0,0.0,0.0,0.0,0.0,0.0,0.0,0.0,0.0,0.0,0.0,0.0,0.0,0.0,0.0,0.0,0.0,0.16279225550847454,0.03877378904884319,0.04211983905764967,0.2678785742914979,0.33457963864864865,0.07747776094847773,0.16210536835443037,0.19678010202439025,0.2878189002272727,0.32579185493212665,0.1535261076315789,-1.0,False
E85 forage sorghum,0.69278351,0.0,0.0,0.0,0.0,0.0,0.0,0.0,0.0,0.0,0.0,0.0,0.0,0.0,0.0,0.0,0.0,0.0,0.0,0.0,0.0,0.0,0.0,0.0,0.0,0.0,0.0,0.0,0.0,0.0,0.0,0.0,0.0,0.0,0.0,0.0,0.0,0.0,0.0,0.0,0.0,0.0,0.0,0.0,0.0,0.0,0.0,0.0,0.0,0.0,0.0,0.0,0.0,0.0,0.0,0.0,0.0,0.0,0.0,0.0,0.0,0.0,0.0,0.0,0.0,0.0,0.0,0.0,0.0,0.0,0.0,0.0,0.0,0.0,0.3405207083050847,0.016622055081405317,0.12212037482261644,0.22157853153846152,0.2829386106906907,0.08436707850117096,0.12277176126582279,0.20614533712195127,0.3642361787424242,0.4169240128054298,0.3281606099999999,-1.0,False
E85 forest residue,1.0,0.0,0.0,0.0,0.0,0.0,0.0,0.0,0.0,0.0,0.0,0.0,0.0,0.0,0.0,0.0,0.0,0.0,0.0,0.0,0.0,0.0,0.0,0.0,0.0,0.0,0.0,0.0,0.0,0.0,0.0,0.0,0.0,0.0,0.0,0.0,0.0,0.0,0.0,0.0,0.0,0.0,0.0,0.0,0.0,0.0,0.0,0.0,0.0,0.0,0.0,0.0,0.0,0.0,0.0,0.0,0.0,0.0,0.0,0.0,0.0,0.0,0.0,0.0,0.0,0.0,0.0,0.0,0.0,0.0,0.0,0.0,0.0,0.0,0.17796610169491525,0.6143958868894601,0.009866962305986696,0.20647773279352225,0.13213213213213212,0.06908665105386416,0.10126582278481014,0.25365853658536586,0.4318181818181817,0.4917043740573152,0.14912280701754385,-1.0,False
E85 forest residue*G,1.0,0.0,0.0,0.0,0.0,0.0,0.0,0.0,0.0,0.0,0.0,0.0,0.0,0.0,0.0,0.0,0.0,0.0,0.0,0.0,0.0,0.0,0.0,0.0,0.0,0.0,0.0,0.0,0.0,0.0,0.0,0.0,0.0,0.0,0.0,0.0,0.0,0.0,0.0,0.0,0.0,0.0,0.0,0.0,0.0,0.0,0.0,0.0,0.0,0.0,0.0,0.0,0.0,0.0,0.0,0.0,0.0,0.0,0.0,0.0,0.0,0.0,0.0,0.0,0.0,0.0,0.0,0.0,0.0,0.0,0.0,0.0,0.0,0.0,0.0,0.7163667523564695,0.019955654101995565,0.2145748987854251,0.6276276276276276,0.0023419203747072617,0.26582278481012656,0.38780487804878055,0.7333333333333333,0.6817496229260934,0.06140350877192982,-1.0,False
E85 grain sorghum,0.59021752,0.0,0.0,0.0,0.0,0.0,0.0,0.0,0.0,0.0,0.0,0.0,0.0,0.0,0.0,0.0,0.0,0.0,0.0,0.0,0.0,0.0,0.0,0.0,0.0,0.0,0.0,0.0,0.0,0.0,0.0,0.0,0.0,0.0,0.0,0.0,0.0,0.0,0.0,0.0,0.0,0.0,0.0,0.0,0.0,0.0,0.0,0.0,0.0,0.0,0.0,0.0,0.0,0.0,0.0,0.0,0.0,0.0,0.0,0.0,0.0,0.0,0.0,0.0,0.0,0.0,0.0,0.0,0.0,0.0,0.0,0.0,0.0,0.0,0.09503502440677966,0.07687494690659812,0.12301651192904658,0.4014434953846153,0.47500989597597604,0.15619339522248243,0.27643099037974683,0.30230653463414636,0.44266314000000007,0.47181792699849173,0.0776602,-1.0,False
E85 Miscanthus,1.0,0.0,0.0,0.0,0.0,0.0,0.0,0.0,0.0,0.0,0.0,0.0,0.0,0.0,0.0,0.0,0.0,0.0,0.0,0.0,0.0,0.0,0.0,0.0,0.0,0.0,0.0,0.0,0.0,0.0,0.0,0.0,0.0,0.0,0.0,0.0,0.0,0.0,0.0,0.0,0.0,0.0,0.0,0.0,0.0,0.0,0.0,0.0,0.0,0.0,0.0,0.0,0.0,0.0,0.0,0.0,0.0,0.0,0.0,0.0,0.0,0.0,0.0,0.0,0.0,0.0,0.0,0.0,0.0,0.0,0.0,0.0,0.0,0.0,0.07627118644067796,0.11739502999143103,0.19401330376940135,0.19838056680161942,0.27627627627627627,0.0784543325526932,0.08860759493670886,0.1439024390243903,0.253030303030303,0.39668174962292607,0.043859649122807,-1.0,False
E85 Miscanthus*G,1.0,0.0,0.0,0.0,0.0,0.0,0.0,0.0,0.0,0.0,0.0,0.0,0.0,0.0,0.0,0.0,0.0,0.0,0.0,0.0,0.0,0.0,0.0,0.0,0.0,0.0,0.0,0.0,0.0,0.0,0.0,0.0,0.0,0.0,0.0,0.0,0.0,0.0,0.0,0.0,0.0,0.0,0.0,0.0,0.0,0.0,0.0,0.0,0.0,0.0,0.0,0.0,0.0,0.0,0.0,0.0,0.0,0.0,0.0,0.0,0.0,0.0,0.0,0.0,0.0,0.0,0.0,0.0,0.0,0.0,0.0,0.0,0.0,0.0,0.008474576271186448,0.20222793487574978,0.17627494456762752,0.194331983805668,0.7447447447447447,0.11943793911007025,0.15189873417721517,0.1487804878048781,0.2803030303030302,0.358974358974359,0.28947368421052627,-1.0,False
E85 MSW,1.0,0.0,0.0,0.0,0.0,0.0,0.0,0.0,0.0,0.0,0.0,0.0,0.0,0.0,0.0,0.0,0.0,0.0,0.0,0.0,0.0,0.0,0.0,0.0,0.0,0.0,0.0,0.0,0.0,0.0,0.0,0.0,0.0,0.0,0.0,0.0,0.0,0.0,0.0,0.0,0.0,0.0,0.0,0.0,0.0,0.0,0.0,0.0,0.0,0.0,0.0,0.0,0.0,0.0,0.0,0.0,0.0,0.0,0.0,0.0,0.0,0.0,0.0,0.0,0.0,0.0,0.0,0.0,0.0,0.0,0.0,0.0,0.0,0.0,0.13559322033898305,0.0,0.0011086474501108647,0.22672064777327935,0.28228228228228225,0.0550351288056206,0.025316455696202535,0.11463414634146342,0.0,0.3257918552036199,0.10526315789473685,-1.0,False
E85 poplar,1.0,0.0,0.0,0.0,0.0,0.0,0.0,0.0,0.0,0.0,0.0,0.0,0.0,0.0,0.0,0.0,0.0,0.0,0.0,0.0,0.0,0.0,0.0,0.0,0.0,0.0,0.0,0.0,0.0,0.0,0.0,0.0,0.0,0.0,0.0,0.0,0.0,0.0,0.0,0.0,0.0,0.0,0.0,0.0,0.0,0.0,0.0,0.0,0.0,0.0,0.0,0.0,0.0,0.0,0.0,0.0,0.0,0.0,0.0,0.0,0.0,0.0,0.0,0.0,0.0,0.0,0.0,0.0,0.0,0.0,0.0,0.0,0.0,0.0,0.07627118644067796,0.14395886889460155,0.21618625277161863,0.194331983805668,0.19219219219219222,0.0702576112412178,0.07594936708860758,0.20975609756097566,0.3439393939393938,0.44042232277526394,0.043859649122807,-1.0,False
E85 poplar*G,1.0,0.0,0.0,0.0,0.0,0.0,0.0,0.0,0.0,0.0,0.0,0.0,0.0,0.0,0.0,0.0,0.0,0.0,0.0,0.0,0.0,0.0,0.0,0.0,0.0,0.0,0.0,0.0,0.0,0.0,0.0,0.0,0.0,0.0,0.0,0.0,0.0,0.0,0.0,0.0,0.0,0.0,0.0,0.0,0.0,0.0,0.0,0.0,0.0,0.0,0.0,0.0,0.0,0.0,0.0,0.0,0.0,0.0,0.0,0.0,0.0,0.0,0.0,0.0,0.0,0.0,0.0,0.0,0.0,0.0,0.0,0.0,0.0,0.0,0.025423728813559317,0.16795201371036847,0.1352549889135255,0.20242914979757085,0.0,0.13348946135831383,0.20253164556962025,0.20975609756097566,0.39545454545454545,0.5158371040723981,0.22807017543859648,-1.0,False
E85 sugarcane,0.90223539,0.0,0.0,0.0,0.0,0.0,0.0,0.0,0.0,0.0,0.0,0.0,0.0,0.0,0.0,0.0,0.0,0.0,0.0,0.0,0.0,0.0,0.0,0.0,0.0,0.0,0.0,0.0,0.0,0.0,0.0,0.0,0.0,0.0,0.0,0.0,0.0,0.0,0.0,0.0,0.0,0.0,0.0,0.0,0.0,0.0,0.0,0.0,0.0,0.0,0.0,0.0,0.0,0.0,0.0,0.0,0.0,0.0,0.0,0.0,0.0,0.0,0.0,0.0,0.0,0.0,0.0,0.0,0.0,0.0,0.0,0.0,0.0,0.0,0.09939881415254236,0.10050608457583547,0.3660955130155211,0.22647204121457487,0.21133441567567565,0.11726947106557374,0.21699332164556964,0.2838740617317073,0.5686817003636363,0.5497784276923077,0.07122910973684209,-1.0,False
E85 sweet sorghum A,0.74636338,0.0,0.0,0.0,0.0,0.0,0.0,0.0,0.0,0.0,0.0,0.0,0.0,0.0,0.0,0.0,0.0,0.0,0.0,0.0,0.0,0.0,0.0,0.0,0.0,0.0,0.0,0.0,0.0,0.0,0.0,0.0,0.0,0.0,0.0,0.0,0.0,0.0,0.0,0.0,0.0,0.0,0.0,0.0,0.0,0.0,0.0,0.0,0.0,0.0,0.0,0.0,0.0,0.0,0.0,0.0,0.0,0.0,0.0,0.0,0.0,0.0,0.0,0.0,0.0,0.0,0.0,0.0,0.0,0.0,0.0,0.0,0.0,0.0,0.27830498915254237,0.021744948517566413,0.24492634199556543,0.22058512850202427,0.26223578216216215,0.11274107262295083,0.18895275443037973,0.24939459282926832,0.459126564060606,0.45254612180995474,0.2618818877192982,-1.0,False
E85 sweet sorghum B,0.49166449,0.0,0.0,0.0,0.0,0.0,0.0,0.0,0.0,0.0,0.0,0.0,0.0,0.0,0.0,0.0,0.0,0.0,0.0,0.0,0.0,0.0,0.0,0.0,0.0,0.0,0.0,0.0,0.0,0.0,0.0,0.0,0.0,0.0,0.0,0.0,0.0,0.0,0.0,0.0,0.0,0.0,0.0,0.0,0.0,0.0,0.0,0.0,0.0,0.0,0.0,0.0,0.0,0.0,0.0,0.0,0.0,0.0,0.0,0.0,0.0,0.0,0.0,0.0,0.0,0.0,0.0,0.0,0.0,0.0,0.0,0.0,0.0,0.0,0.2624988378813559,0.012217883641816623,0.1204632508758315,0.22294098331983805,0.30267633768768765,0.10017520053864169,0.16181362962025317,0.2446330633170732,0.420149655090909,0.42047325162895927,0.25445793780701753,-1.0,False
E85 switchgrass,0.99620887,0.0,0.0,0.0,0.0,0.0,0.0,0.0,0.0,0.0,0.0,0.0,0.0,0.0,0.0,0.0,0.0,0.0,0.0,0.0,0.0,0.0,0.0,0.0,0.0,0.0,0.0,0.0,0.0,0.0,0.0,0.0,0.0,0.0,0.0,0.0,0.0,0.0,0.0,0.0,0.0,0.0,0.0,0.0,0.0,0.0,0.0,0.0,0.0,0.0,0.0,0.0,0.0,0.0,0.0,0.0,0.0,0.0,0.0,0.0,0.0,0.0,0.0,0.0,0.0,0.0,0.0,0.0,0.0,0.0,0.0,0.0,0.0,0.0,0.1181942727118644,0.1989003142330763,0.21867999585365855,0.1976284802834008,0.3021534410510511,0.08398950660421545,0.08827167202531645,0.1482164416341464,0.2399957732272727,0.39818303250377085,0.08738674298245613,-1.0,False
E85 switchgrass*G,0.80438825,0.0,0.0,0.0,0.0,0.0,0.0,0.0,0.0,0.0,0.0,0.0,0.0,0.0,0.0,0.0,0.0,0.0,0.0,0.0,0.0,0.0,0.0,0.0,0.0,0.0,0.0,0.0,0.0,0.0,0.0,0.0,0.0,0.0,0.0,0.0,0.0,0.0,0.0,0.0,0.0,0.0,0.0,0.0,0.0,0.0,0.0,0.0,0.0,0.0,0.0,0.0,0.0,0.0,0.0,0.0,0.0,0.0,0.0,0.0,0.0,0.0,0.0,0.0,0.0,0.0,0.0,0.0,0.0,0.0,0.0,0.0,0.0,0.0,0.11588644279661016,0.16335905334190232,0.15427845593126388,0.18888469028340082,0.6159729842342342,0.12904120638173303,0.22400685443037974,0.311945687195122,0.5472277640151515,0.6029878736802413,0.03598579013157894,-1.0,False
E85 willow,1.0,0.0,0.0,0.0,0.0,0.0,0.0,0.0,0.0,0.0,0.0,0.0,0.0,0.0,0.0,0.0,0.0,0.0,0.0,0.0,0.0,0.0,0.0,0.0,0.0,0.0,0.0,0.0,0.0,0.0,0.0,0.0,0.0,0.0,0.0,0.0,0.0,0.0,0.0,0.0,0.0,0.0,0.0,0.0,0.0,0.0,0.0,0.0,0.0,0.0,0.0,0.0,0.0,0.0,0.0,0.0,0.0,0.0,0.0,0.0,0.0,0.0,0.0,0.0,0.0,0.0,0.0,0.0,0.0,0.0,0.0,0.0,0.0,0.0,0.11016949152542371,0.14395886889460155,0.2106430155210643,0.1821862348178138,0.1711711711711712,0.06557377049180328,0.06329113924050635,0.1804878048780488,0.28939393939393937,0.40271493212669685,0.07894736842105261,-1.0,False
E85 willow*G,1.0,0.0,0.0,0.0,0.0,0.0,0.0,0.0,0.0,0.0,0.0,0.0,0.0,0.0,0.0,0.0,0.0,0.0,0.0,0.0,0.0,0.0,0.0,0.0,0.0,0.0,0.0,0.0,0.0,0.0,0.0,0.0,0.0,0.0,0.0,0.0,0.0,0.0,0.0,0.0,0.0,0.0,0.0,0.0,0.0,0.0,0.0,0.0,0.0,0.0,0.0,0.0,0.0,0.0,0.0,0.0,0.0,0.0,0.0,0.0,0.0,0.0,0.0,0.0,0.0,0.0,0.0,0.0,0.0,0.0,0.0,0.0,0.0,0.0,0.13559322033898305,0.16795201371036847,0.13414634146341464,0.18623481781376516,0.6426426426426427,0.1358313817330211,0.2278481012658228,0.2829268292682927,0.556060606060606,0.5414781297134238,0.02105263157894736,-1.0,False
RDI algae,0.62850851,0.0,0.0,0.0,0.0,0.0,0.0,0.0,0.0,0.0,0.0,0.0,0.0,0.0,0.0,0.0,0.0,0.0,0.0,0.0,0.0,0.0,0.0,0.0,0.0,0.0,0.0,0.0,0.0,0.0,0.0,0.0,0.0,0.0,0.0,0.0,0.0,0.0,0.0,0.0,0.0,0.0,0.0,0.0,0.0,0.0,0.0,0.0,0.0,0.0,0.0,0.0,0.0,0.0,0.0,0.0,0.0,0.0,0.0,0.0,0.0,0.0,0.0,0.0,0.0,0.0,0.0,0.0,0.0,0.0,0.0,0.0,0.0,0.5801617015384616,0.5592660470338982,0.010771354070265637,0.016026270210643016,0.22137749137651822,0.4529791063063063,0.5276822033606556,0.5250830589873418,0.5150703886829268,0.5161388066969698,0.4616646219758673,0.5568364869298245,-1.0,False
RDI Camelina,1.0,0.0,0.0,0.0,0.0,0.0,0.0,0.0,0.0,0.0,0.0,0.0,0.0,0.0,0.0,0.0,0.0,0.0,0.0,0.0,0.0,0.0,0.0,0.0,0.0,0.0,0.0,0.0,0.0,0.0,0.0,0.0,0.0,0.0,0.0,0.0,0.0,0.0,0.0,0.0,0.0,0.0,0.0,0.0,0.0,0.0,0.0,0.0,0.0,0.0,0.0,0.0,0.0,0.0,0.0,0.0,0.0,0.0,0.0,0.0,0.0,0.0,0.0,0.0,0.0,0.0,0.0,0.0,0.0,0.0,0.0,0.0,0.0,0.9230769230769231,0.41525423728813554,0.9460154241645243,0.44013303769401335,0.14170040485829957,0.15315315315315314,0.03747072599531616,0.012658227848101276,0.0731707317073171,0.18333333333333332,0.08144796380090498,0.39473684210526305,-1.0,False
RDI canola,1.0,0.0,0.0,0.0,0.0,0.0,0.0,0.0,0.0,0.0,0.0,0.0,0.0,0.0,0.0,0.0,0.0,0.0,0.0,0.0,0.0,0.0,0.0,0.0,0.0,0.0,0.0,0.0,0.0,0.0,0.0,0.0,0.0,0.0,0.0,0.0,0.0,0.0,0.0,0.0,0.0,0.0,0.0,0.0,0.0,0.0,0.0,0.0,0.0,0.0,0.0,0.0,0.0,0.0,0.0,0.0,0.0,0.0,0.0,0.0,0.0,0.0,0.0,0.0,0.0,0.0,0.0,0.0,0.0,0.0,0.0,0.0,0.0,0.9230769230769231,0.6610169491525423,0.48757497857754933,0.23170731707317072,0.145748987854251,0.14414414414414414,0.06088992974238876,0.025316455696202535,0.024390243902439022,0.05757575757575756,0.009049773755656116,0.6491228070175438,-1.0,False
RDI corn,0.67033817,0.0,0.0,0.0,0.0,0.0,0.0,0.0,0.0,0.0,0.0,0.0,0.0,0.0,0.0,0.0,0.0,0.0,0.0,0.0,0.0,0.0,0.0,0.0,0.0,0.0,0.0,0.0,0.0,0.0,0.0,0.0,0.0,0.0,0.0,0.0,0.0,0.0,0.0,0.0,0.0,0.0,0.0,0.0,0.0,0.0,0.0,0.0,0.0,0.0,0.0,0.0,0.0,0.0,0.0,0.0,0.0,0.0,0.0,0.0,0.0,0.0,0.0,0.0,0.0,0.0,0.0,0.0,0.0,0.0,0.0,0.0,0.0,0.6187736953846154,0.17042495847457623,0.5198423683376179,0.03715843514412417,0.21168573789473683,0.2375372494294294,0.06828971989461358,0.08485293291139241,0.3008346909268293,0.582991075121212,0.32859714215686275,0.1528841440350877,-1.0,False
RDI Jatropha,1.0,0.0,0.0,0.0,0.0,0.0,0.0,0.0,0.0,0.0,0.0,0.0,0.0,0.0,0.0,0.0,0.0,0.0,0.0,0.0,0.0,0.0,0.0,0.0,0.0,0.0,0.0,0.0,0.0,0.0,0.0,0.0,0.0,0.0,0.0,0.0,0.0,0.0,0.0,0.0,0.0,0.0,0.0,0.0,0.0,0.0,0.0,0.0,0.0,0.0,0.0,0.0,0.0,0.0,0.0,0.0,0.0,0.0,0.0,0.0,0.0,0.0,0.0,0.0,0.0,0.0,0.0,0.0,0.0,0.0,0.0,0.0,0.0,0.9230769230769231,0.24576271186440674,0.44215938303341906,0.20842572062084258,0.20647773279352225,0.2732732732732732,0.06206088992974239,0.06329113924050635,0.1804878048780488,0.36212121212121207,0.20512820512820515,0.21929824561403505,-1.0,False
RDI palm,1.0,0.0,0.0,0.0,0.0,0.0,0.0,0.0,0.0,0.0,0.0,0.0,0.0,0.0,0.0,0.0,0.0,0.0,0.0,0.0,0.0,0.0,0.0,0.0,0.0,0.0,0.0,0.0,0.0,0.0,0.0,0.0,0.0,0.0,0.0,0.0,0.0,0.0,0.0,0.0,0.0,0.0,0.0,0.0,0.0,0.0,0.0,0.0,0.0,0.0,0.0,0.0,0.0,0.0,0.0,0.0,0.0,0.0,0.0,0.0,0.0,0.0,0.0,0.0,0.0,0.0,0.0,0.0,0.0,0.0,0.0,0.0,0.0,0.9230769230769231,0.42372881355932196,0.21679520137103683,0.6141906873614191,0.1174089068825911,0.12912912912912913,0.038641686182669784,0.012658227848101276,0.05121951219512195,0.1333333333333333,0.052790346907993946,0.4035087719298245,-1.0,False
RDI soy,1.0,0.0,0.0,0.0,0.0,0.0,0.0,0.0,0.0,0.0,0.0,0.0,0.0,0.0,0.0,0.0,0.0,0.0,0.0,0.0,0.0,0.0,0.0,0.0,0.0,0.0,0.0,0.0,0.0,0.0,0.0,0.0,0.0,0.0,0.0,0.0,0.0,0.0,0.0,0.0,0.0,0.0,0.0,0.0,0.0,0.0,0.0,0.0,0.0,0.0,0.0,0.0,0.0,0.0,0.0,0.0,0.0,0.0,0.0,0.0,0.0,0.0,0.0,0.0,0.0,0.0,0.0,0.0,0.0,0.0,0.0,0.0,0.0,0.9230769230769231,0.5677966101694915,0.8114824335904028,0.27827050997782704,0.11336032388663968,0.11111111111111112,0.03747072599531616,0.012658227848101276,0.0,0.034848484848484844,0.0,0.5526315789473684,-1.0,False
RDII algae,0.78473196,0.0,0.0,0.0,0.0,0.0,0.0,0.0,0.0,0.0,0.0,0.0,0.0,0.0,0.0,0.0,0.0,0.0,0.0,0.0,0.0,0.0,0.0,0.0,0.0,0.0,0.0,0.0,0.0,0.0,0.0,0.0,0.0,0.0,0.0,0.0,0.0,0.0,0.0,0.0,0.0,0.0,0.0,0.0,0.0,0.0,0.0,0.0,0.0,0.0,0.0,0.0,0.0,0.0,0.0,0.0,0.0,0.0,0.0,0.0,0.0,0.0,0.0,0.0,0.0,0.0,0.0,0.0,0.0,0.0,0.0,0.0,0.0,0.7243679630769231,0.78473196,0.014793575938303343,0.02261976824833703,0.21921662040485831,0.643338814054054,0.78473196,0.78473196,0.78473196,0.78473196,0.7113482774660633,0.78473196,-1.0,False
RDII Camelina,1.0,0.0,0.0,0.0,0.0,0.0,0.0,0.0,0.0,0.0,0.0,0.0,0.0,0.0,0.0,0.0,0.0,0.0,0.0,0.0,0.0,0.0,0.0,0.0,0.0,0.0,0.0,0.0,0.0,0.0,0.0,0.0,0.0,0.0,0.0,0.0,0.0,0.0,0.0,0.0,0.0,0.0,0.0,0.0,0.0,0.0,0.0,0.0,0.0,0.0,0.0,0.0,0.0,0.0,0.0,0.0,0.0,0.0,0.0,0.0,0.0,0.0,0.0,0.0,0.0,0.0,0.0,0.0,0.0,0.0,0.0,0.0,0.0,0.9230769230769231,0.47457627118644063,1.0,0.6019955654101996,0.02834008097165991,0.1711711711711712,0.038641686182669784,0.025316455696202535,0.1073170731707317,0.24393939393939396,0.12368024132730016,0.45614035087719296,-1.0,False
RDII canola,1.0,0.0,0.0,0.0,0.0,0.0,0.0,0.0,0.0,0.0,0.0,0.0,0.0,0.0,0.0,0.0,0.0,0.0,0.0,0.0,0.0,0.0,0.0,0.0,0.0,0.0,0.0,0.0,0.0,0.0,0.0,0.0,0.0,0.0,0.0,0.0,0.0,0.0,0.0,0.0,0.0,0.0,0.0,0.0,0.0,0.0,0.0,0.0,0.0,0.0,0.0,0.0,0.0,0.0,0.0,0.0,0.0,0.0,0.0,0.0,0.0,0.0,0.0,0.0,0.0,0.0,0.0,0.0,0.0,0.0,0.0,0.0,0.0,0.9230769230769231,0.771186440677966,0.5201371036846616,0.328159645232816,0.03238866396761133,0.16216216216216217,0.06791569086651053,0.03797468354430379,0.04390243902439026,0.08787878787878788,0.03318250377073906,0.763157894736842,-1.0,False
RDII corn,1.0,0.0,0.0,0.0,0.0,0.0,0.0,0.0,0.0,0.0,0.0,0.0,0.0,0.0,0.0,0.0,0.0,0.0,0.0,0.0,0.0,0.0,0.0,0.0,0.0,0.0,0.0,0.0,0.0,0.0,0.0,0.0,0.0,0.0,0.0,0.0,0.0,0.0,0.0,0.0,0.0,0.0,0.0,0.0,0.0,0.0,0.0,0.0,0.0,0.0,0.0,0.0,0.0,0.0,0.0,0.0,0.0,0.0,0.0,0.0,0.0,0.0,0.0,0.0,0.0,0.0,0.0,0.0,0.0,0.0,0.0,0.0,0.0,0.9230769230769231,0.29661016949152536,0.8414738646101114,0.05543237250554324,0.1659919028340081,0.3393393393393393,0.09601873536299764,0.11392405063291139,0.4219512195121952,0.8227272727272728,0.4615384615384615,0.2719298245614034,-1.0,False
RDII Jatropha,1.0,0.0,0.0,0.0,0.0,0.0,0.0,0.0,0.0,0.0,0.0,0.0,0.0,0.0,0.0,0.0,0.0,0.0,0.0,0.0,0.0,0.0,0.0,0.0,0.0,0.0,0.0,0.0,0.0,0.0,0.0,0.0,0.0,0.0,0.0,0.0,0.0,0.0,0.0,0.0,0.0,0.0,0.0,0.0,0.0,0.0,0.0,0.0,0.0,0.0,0.0,0.0,0.0,0.0,0.0,0.0,0.0,0.0,0.0,0.0,0.0,0.0,0.0,0.0,0.0,0.0,0.0,0.0,0.0,0.0,0.0,0.0,0.0,0.9230769230769231,0.288135593220339,0.47472150814053127,0.28048780487804875,0.11336032388663968,0.3273273273273273,0.06908665105386416,0.08860759493670886,0.24390243902439027,0.4772727272727273,0.2850678733031674,0.2631578947368421,-1.0,False
RDII palm,1.0,0.0,0.0,0.0,0.0,0.0,0.0,0.0,0.0,0.0,0.0,0.0,0.0,0.0,0.0,0.0,0.0,0.0,0.0,0.0,0.0,0.0,0.0,0.0,0.0,0.0,0.0,0.0,0.0,0.0,0.0,0.0,0.0,0.0,0.0,0.0,0.0,0.0,0.0,0.0,0.0,0.0,0.0,0.0,0.0,0.0,0.0,0.0,0.0,0.0,0.0,0.0,0.0,0.0,0.0,0.0,0.0,0.0,0.0,0.0,0.0,0.0,0.0,0.0,0.0,0.0,0.0,0.0,0.0,0.0,0.0,0.0,0.0,0.9230769230769231,0.49152542372881347,0.2390745501285347,1.0,0.0,0.14414414414414414,0.038641686182669784,0.012658227848101276,0.08048780487804881,0.19090909090909086,0.09502262443438912,0.47368421052631565,-1.0,False
RDII soy,1.0,0.0,0.0,0.0,0.0,0.0,0.0,0.0,0.0,0.0,0.0,0.0,0.0,0.0,0.0,0.0,0.0,0.0,0.0,0.0,0.0,0.0,0.0,0.0,0.0,0.0,0.0,0.0,0.0,0.0,0.0,0.0,0.0,0.0,0.0,0.0,0.0,0.0,0.0,0.0,0.0,0.0,0.0,0.0,0.0,0.0,0.0,0.0,0.0,0.0,0.0,0.0,0.0,0.0,0.0,0.0,0.0,0.0,0.0,0.0,0.0,0.0,0.0,0.0,0.0,0.0,0.0,0.0,0.0,0.0,0.0,0.0,0.0,0.9230769230769231,0.6694915254237288,0.9751499571550987,0.38691796008869184,0.02024291497975709,0.13813813813813813,0.04449648711943793,0.03797468354430379,0.02926829268292683,0.07272727272727272,0.03770739064856712,0.6578947368421052,-1.0,False
